insert into E1_sello_discografico(idsello,nombre) 
values ('001','Sony Music Entertainment');

insert into E1_sello_discografico(idsello,nombre) 
values ('002','Warner Music');

insert into E1_sello_discografico(idsello,nombre) 
values ('003','Universal Music');




insert into E1_album(idalbum,titulo,idsello,anocreacion)
values ('00000001','Alanis Morissette - Jagged Little Pill','002',1995);

insert into E1_album(idalbum,titulo,idsello,anocreacion)
values ('00000002','The Cure - Greatest Hits','003',2001);

insert into E1_album(idalbum,titulo,idsello,anocreacion)
values ('00000003','Platinum 80s','002',2002);

insert into E1_album(idalbum,titulo,idsello,anocreacion)
values ('00000004','The Beatles - Greatest Hits','002',1990);





insert into E1_genero(idgenero,descripcion)
values ('001','rock');

insert into E1_genero(idgenero,descripcion)
values ('002','salsa');

insert into E1_genero(idgenero,descripcion)
values ('003','merengue');




insert into E1_interprete(idinterprete,nombre) 
values ('00000001','The Beatles');

insert into E1_interprete(idinterprete,nombre) 
values ('00000002','Queen');

insert into E1_interprete(idinterprete,nombre) 
values ('00000003','The Cure');

insert into E1_interprete(idinterprete,nombre) 
values ('00000004','Alanis Morissette');

insert into E1_interprete(idinterprete,nombre) 
values ('00000005','Madonna');

insert into E1_interprete(idinterprete,nombre) 
values ('00000006','Genesis');

insert into E1_interprete(idinterprete,nombre) 
values ('00000007','Fleetwood Mac');

insert into E1_interprete(idinterprete,nombre) 
values ('00000008','Blondie');

insert into E1_interprete(idinterprete,nombre) 
values ('00000009','A-ha');

insert into E1_interprete(idinterprete,nombre) 
values ('00000010','Tears For Fears');

insert into E1_interprete(idinterprete,nombre) 
values ('00000011','Culture Club');

insert into E1_interprete(idinterprete,nombre) 
values ('00000012','Human League');

insert into E1_interprete(idinterprete,nombre) 
values ('00000013','Cars');

insert into E1_interprete(idinterprete,nombre) 
values ('00000014','Van Halen');

insert into E1_interprete(idinterprete,nombre) 
values ('00000015','John Lennon');

insert into E1_interprete(idinterprete,nombre) 
values ('00000016','Crowded House');

insert into E1_interprete(idinterprete,nombre) 
values ('00000017','Belinda Carlisle');

insert into E1_interprete(idinterprete,nombre) 
values ('00000018','Communards');

insert into E1_interprete(idinterprete,nombre) 
values ('00000019','Simple Minds');

insert into E1_interprete(idinterprete,nombre) 
values ('00000020','The Pretenders');




insert into E1_cancion(idcancion,titulo)
values('00000001','All I Really Want');

insert into E1_cancion(idcancion,titulo)
values('00000002','You Oughta Know');

insert into E1_cancion(idcancion,titulo)
values('00000003','Perfect');

insert into E1_cancion(idcancion,titulo)
values('00000004','Hand In My Pocket');

insert into E1_cancion(idcancion,titulo)
values('00000005','Right Through You');

insert into E1_cancion(idcancion,titulo)
values('00000006','Forgiven');

insert into E1_cancion(idcancion,titulo)
values('00000007','You Learn');

insert into E1_cancion(idcancion,titulo)
values('00000008','Head Over Feet');

insert into E1_cancion(idcancion,titulo)
values('00000009','Mary Jane');

insert into E1_cancion(idcancion,titulo)
values('00000010','Ironic');

insert into E1_cancion(idcancion,titulo)
values('00000011','Not the Doctor');

insert into E1_cancion(idcancion,titulo)
values('00000012','Wake Up');



insert into E1_cancion(idcancion,titulo)
values('00000013','Boys Dont Cry');

insert into E1_cancion(idcancion,titulo)
values('00000014','A Forest');

insert into E1_cancion(idcancion,titulo)
values('00000015','Lets Go to Bed');

insert into E1_cancion(idcancion,titulo)
values('00000016','The Walk');

insert into E1_cancion(idcancion,titulo)
values('00000017','The Love Cast');

insert into E1_cancion(idcancion,titulo)
values('00000018','Inbetween Days');

insert into E1_cancion(idcancion,titulo)
values('00000019','Close To Me');

insert into E1_cancion(idcancion,titulo)
values('00000020','Why Cant I Be You');

insert into E1_cancion(idcancion,titulo)
values('00000021','Just Like Heaven');

insert into E1_cancion(idcancion,titulo)
values('00000022','Lullaby');

insert into E1_cancion(idcancion,titulo)
values('00000023','Love Song');

insert into E1_cancion(idcancion,titulo)
values('00000024','Never Enough');

insert into E1_cancion(idcancion,titulo)
values('00000025','High');

insert into E1_cancion(idcancion,titulo)
values('00000026','Friday Im In Love');

insert into E1_cancion(idcancion,titulo)
values('00000027','Mint Car');

insert into E1_cancion(idcancion,titulo)
values('00000028','Wrong Number');

insert into E1_cancion(idcancion,titulo)
values('00000029','Cut Here');

insert into E1_cancion(idcancion,titulo)
values('00000030','Just Say Yes');



insert into E1_cancion(idcancion,titulo)
values('00000031','Under Pressure');

insert into E1_cancion(idcancion,titulo)
values('00000032','Holiday');

insert into E1_cancion(idcancion,titulo)
values('00000033','Invisible Touch');

insert into E1_cancion(idcancion,titulo)
values('00000034','Little Lies');

insert into E1_cancion(idcancion,titulo)
values('00000035','Call Me');

insert into E1_cancion(idcancion,titulo)
values('00000036','The Sun Allways Shines On TV');

insert into E1_cancion(idcancion,titulo)
values('00000037','Shout');

insert into E1_cancion(idcancion,titulo)
values('00000038','Do You Really Want To Hurt Me');

insert into E1_cancion(idcancion,titulo)
values('00000039','Dont You Want Me');

insert into E1_cancion(idcancion,titulo)
values('00000040','Drive');

insert into E1_cancion(idcancion,titulo)
values('00000041','Why Cant This Be Love');

insert into E1_cancion(idcancion,titulo)
values('00000042','(Just Like) Starting Over');

insert into E1_cancion(idcancion,titulo)
values('00000043','Dont Dream Its Over');

insert into E1_cancion(idcancion,titulo)
values('00000044','Heaven is a place on earth');

insert into E1_cancion(idcancion,titulo)
values('00000045','Dont leave me this way');

insert into E1_cancion(idcancion,titulo)
values('00000046','Dont You (Forget About Me)');

insert into E1_cancion(idcancion,titulo)
values('00000047','Dont Get Me Wrong');

insert into E1_cancion(idcancion,titulo)
values('00000048','I saw her standing there');

insert into E1_cancion(idcancion,titulo)
values('00000049','She loves you');

insert into E1_cancion(idcancion,titulo)
values('00000050','Love me do');

insert into E1_cancion(idcancion,titulo)
values('00000051','Let It Be');

insert into E1_cancion(idcancion,titulo)
values('00000052','Hey Jude');

insert into E1_cancion(idcancion,titulo)
values('00000053','Dont let me down');

insert into E1_cancion(idcancion,titulo)
values('00000054','A hard days night');

insert into E1_cancion(idcancion,titulo)
values('00000055','Yesterday');

insert into E1_cancion(idcancion,titulo)
values('00000056','Get Back');

insert into E1_cancion(idcancion,titulo)
values('00000057','Ob-la-di ob-la-da');

insert into E1_cancion(idcancion,titulo)
values('00000058','We can work it out');

insert into E1_cancion(idcancion,titulo)
values('00000059','I want to hold your hand');

insert into E1_cancion(idcancion,titulo)
values('00000060','And I love her');

insert into E1_cancion(idcancion,titulo)
values('00000061','Any time at all');

insert into E1_cancion(idcancion,titulo)
values('00000062','Twist and Shout');





insert into E1_cancionxalbum(idalbum,numeropista,idinterprete,idcancion,idgenero)
values('00000001',1,'00000004','00000001','001');

insert into E1_cancionxalbum(idalbum,numeropista,idinterprete,idcancion,idgenero)
values('00000001',2,'00000004','00000002','001');

insert into E1_cancionxalbum(idalbum,numeropista,idinterprete,idcancion,idgenero)
values('00000001',3,'00000004','00000003','001');

insert into E1_cancionxalbum(idalbum,numeropista,idinterprete,idcancion,idgenero)
values('00000001',4,'00000004','00000004','001');

insert into E1_cancionxalbum(idalbum,numeropista,idinterprete,idcancion,idgenero)
values('00000001',5,'00000004','00000005','001');

insert into E1_cancionxalbum(idalbum,numeropista,idinterprete,idcancion,idgenero)
values('00000001',6,'00000004','00000006','001');

insert into E1_cancionxalbum(idalbum,numeropista,idinterprete,idcancion,idgenero)
values('00000001',7,'00000004','00000007','001');

insert into E1_cancionxalbum(idalbum,numeropista,idinterprete,idcancion,idgenero)
values('00000001',8,'00000004','00000008','001');

insert into E1_cancionxalbum(idalbum,numeropista,idinterprete,idcancion,idgenero)
values('00000001',9,'00000004','00000009','001');

insert into E1_cancionxalbum(idalbum,numeropista,idinterprete,idcancion,idgenero)
values('00000001',10,'00000004','00000010','001');

insert into E1_cancionxalbum(idalbum,numeropista,idinterprete,idcancion,idgenero)
values('00000001',11,'00000004','00000011','001');

insert into E1_cancionxalbum(idalbum,numeropista,idinterprete,idcancion,idgenero)
values('00000001',12,'00000004','00000012','001');


insert into E1_cancionxalbum(idalbum,numeropista,idinterprete,idcancion,idgenero)
values('00000002',1,'00000003','00000013','001');

insert into E1_cancionxalbum(idalbum,numeropista,idinterprete,idcancion,idgenero)
values('00000002',2,'00000003','00000014','001');

insert into E1_cancionxalbum(idalbum,numeropista,idinterprete,idcancion,idgenero)
values('00000002',3,'00000003','00000015','001');

insert into E1_cancionxalbum(idalbum,numeropista,idinterprete,idcancion,idgenero)
values('00000002',4,'00000003','00000016','001');

insert into E1_cancionxalbum(idalbum,numeropista,idinterprete,idcancion,idgenero)
values('00000002',5,'00000003','00000017','001');

insert into E1_cancionxalbum(idalbum,numeropista,idinterprete,idcancion,idgenero)
values('00000002',6,'00000003','00000018','001');

insert into E1_cancionxalbum(idalbum,numeropista,idinterprete,idcancion,idgenero)
values('00000002',7,'00000003','00000019','001');

insert into E1_cancionxalbum(idalbum,numeropista,idinterprete,idcancion,idgenero)
values('00000002',8,'00000003','00000020','001');

insert into E1_cancionxalbum(idalbum,numeropista,idinterprete,idcancion,idgenero)
values('00000002',9,'00000003','00000021','001');

insert into E1_cancionxalbum(idalbum,numeropista,idinterprete,idcancion,idgenero)
values('00000002',10,'00000003','00000022','001');

insert into E1_cancionxalbum(idalbum,numeropista,idinterprete,idcancion,idgenero)
values('00000002',11,'00000003','00000023','001');

insert into E1_cancionxalbum(idalbum,numeropista,idinterprete,idcancion,idgenero)
values('00000002',12,'00000003','00000024','001');

insert into E1_cancionxalbum(idalbum,numeropista,idinterprete,idcancion,idgenero)
values('00000002',13,'00000003','00000025','001');

insert into E1_cancionxalbum(idalbum,numeropista,idinterprete,idcancion,idgenero)
values('00000002',14,'00000003','00000026','001');

insert into E1_cancionxalbum(idalbum,numeropista,idinterprete,idcancion,idgenero)
values('00000002',15,'00000003','00000027','001');

insert into E1_cancionxalbum(idalbum,numeropista,idinterprete,idcancion,idgenero)
values('00000002',16,'00000003','00000028','001');

insert into E1_cancionxalbum(idalbum,numeropista,idinterprete,idcancion,idgenero)
values('00000002',17,'00000003','00000029','001');

insert into E1_cancionxalbum(idalbum,numeropista,idinterprete,idcancion,idgenero)
values('00000002',18,'00000003','00000030','001');



insert into E1_cancionxalbum(idalbum,numeropista,idinterprete,idcancion,idgenero)
values('00000003',1,'00000002','00000031','001');

insert into E1_cancionxalbum(idalbum,numeropista,idinterprete,idcancion,idgenero)
values('00000003',2,'00000005','00000032','001');

insert into E1_cancionxalbum(idalbum,numeropista,idinterprete,idcancion,idgenero)
values('00000003',3,'00000006','00000033','001');

insert into E1_cancionxalbum(idalbum,numeropista,idinterprete,idcancion,idgenero)
values('00000003',4,'00000007','00000034','001');

insert into E1_cancionxalbum(idalbum,numeropista,idinterprete,idcancion,idgenero)
values('00000003',5,'00000008','00000035','001');

insert into E1_cancionxalbum(idalbum,numeropista,idinterprete,idcancion,idgenero)
values('00000003',6,'00000009','00000036','001');

insert into E1_cancionxalbum(idalbum,numeropista,idinterprete,idcancion,idgenero)
values('00000003',7,'00000010','00000037','001');

insert into E1_cancionxalbum(idalbum,numeropista,idinterprete,idcancion,idgenero)
values('00000003',8,'00000011','00000038','001');

insert into E1_cancionxalbum(idalbum,numeropista,idinterprete,idcancion,idgenero)
values('00000003',9,'00000012','00000039','001');

insert into E1_cancionxalbum(idalbum,numeropista,idinterprete,idcancion,idgenero)
values('00000003',10,'00000013','00000040','001');

insert into E1_cancionxalbum(idalbum,numeropista,idinterprete,idcancion,idgenero)
values('00000003',11,'00000014','00000041','001');

insert into E1_cancionxalbum(idalbum,numeropista,idinterprete,idcancion,idgenero)
values('00000003',12,'00000015','00000042','001');

insert into E1_cancionxalbum(idalbum,numeropista,idinterprete,idcancion,idgenero)
values('00000003',13,'00000016','00000043','001');

insert into E1_cancionxalbum(idalbum,numeropista,idinterprete,idcancion,idgenero)
values('00000003',14,'00000017','00000044','001');

insert into E1_cancionxalbum(idalbum,numeropista,idinterprete,idcancion,idgenero)
values('00000003',15,'00000018','00000045','001');

insert into E1_cancionxalbum(idalbum,numeropista,idinterprete,idcancion,idgenero)
values('00000003',16,'00000019','00000046','001');

insert into E1_cancionxalbum(idalbum,numeropista,idinterprete,idcancion,idgenero)
values('00000003',17,'00000020','00000047','001');



insert into E1_cancionxalbum(idalbum,numeropista,idinterprete,idcancion,idgenero)
values('00000004',1,'00000004','00000048','001');

insert into E1_cancionxalbum(idalbum,numeropista,idinterprete,idcancion,idgenero)
values('00000004',2,'00000004','00000049','001');

insert into E1_cancionxalbum(idalbum,numeropista,idinterprete,idcancion,idgenero)
values('00000004',3,'00000004','00000050','001');

insert into E1_cancionxalbum(idalbum,numeropista,idinterprete,idcancion,idgenero)
values('00000004',4,'00000004','00000051','001');

insert into E1_cancionxalbum(idalbum,numeropista,idinterprete,idcancion,idgenero)
values('00000004',5,'00000004','00000052','001');

insert into E1_cancionxalbum(idalbum,numeropista,idinterprete,idcancion,idgenero)
values('00000004',6,'00000004','00000053','001');

insert into E1_cancionxalbum(idalbum,numeropista,idinterprete,idcancion,idgenero)
values('00000004',7,'00000004','00000054','001');

insert into E1_cancionxalbum(idalbum,numeropista,idinterprete,idcancion,idgenero)
values('00000004',8,'00000004','00000055','001');

insert into E1_cancionxalbum(idalbum,numeropista,idinterprete,idcancion,idgenero)
values('00000004',9,'00000004','00000056','001');

insert into E1_cancionxalbum(idalbum,numeropista,idinterprete,idcancion,idgenero)
values('00000004',10,'00000004','00000057','001');

insert into E1_cancionxalbum(idalbum,numeropista,idinterprete,idcancion,idgenero)
values('00000004',11,'00000004','00000058','001');

insert into E1_cancionxalbum(idalbum,numeropista,idinterprete,idcancion,idgenero)
values('00000004',12,'00000004','00000059','001');

insert into E1_cancionxalbum(idalbum,numeropista,idinterprete,idcancion,idgenero)
values('00000004',13,'00000004','00000060','001');

insert into E1_cancionxalbum(idalbum,numeropista,idinterprete,idcancion,idgenero)
values('00000004',14,'00000004','00000061','001');

insert into E1_cancionxalbum(idalbum,numeropista,idinterprete,idcancion,idgenero)
values('00000004',15,'00000004','00000062','001');



insert into E1_tienda(idtienda,nombre)
values ('00000001','Disco Centro');

insert into E1_tienda(idtienda,nombre)
values ('00000002','Coral Discos');

insert into E1_tienda(idtienda,nombre)
values ('00000003','Palco');



insert into E1_vendedor(idvendedor,idtienda,nombre) 
values ('00000001','00000001','Alejandro Suarez');

insert into E1_vendedor(idvendedor,idtienda,nombre) 
values ('00000002','00000001','Marco Alvarez');

insert into E1_vendedor(idvendedor,idtienda,nombre) 
values ('00000003','00000001','Mariana Medina');

insert into E1_vendedor(idvendedor,idtienda,nombre) 
values ('00000004','00000001','Leticia Bozo');

insert into E1_vendedor(idvendedor,idtienda,nombre) 
values ('00000005','00000001','Betsy Perez');

insert into E1_vendedor(idvendedor,idtienda,nombre) 
values ('00000006','00000002','Cecilia Quiroz');

insert into E1_vendedor(idvendedor,idtienda,nombre) 
values ('00000007','00000002','Kelly Ruiz');

insert into E1_vendedor(idvendedor,idtienda,nombre) 
values ('00000008','00000002','Sandra Hernandez');

insert into E1_vendedor(idvendedor,idtienda,nombre) 
values ('00000009','00000002','Sofia Salazar');

insert into E1_vendedor(idvendedor,idtienda,nombre) 
values ('00000010','00000002','Miguel Benavides');

insert into E1_vendedor(idvendedor,idtienda,nombre) 
values ('00000011','00000003','Raul Velasquez');

insert into E1_vendedor(idvendedor,idtienda,nombre) 
values ('00000012','00000003','Alfredo Carmona');

insert into E1_vendedor(idvendedor,idtienda,nombre) 
values ('00000013','00000003','Johana Trelles');

insert into E1_vendedor(idvendedor,idtienda,nombre) 
values ('00000014','00000003','Marcela Rios');

insert into E1_vendedor(idvendedor,idtienda,nombre) 
values ('00000015','00000003','Andrea Herrera');



insert into E1_factura(numerofactura, idtienda, idvendedor, fechaventa) 
values ('0000000001','00000001','00000002',TO_DATE('02-09-2020','DD-MM-YYYY'));

insert into E1_factura(numerofactura, idtienda, idvendedor, fechaventa) 
values ('0000000002','00000001','00000003',TO_DATE('02-09-2020','DD-MM-YYYY'));

insert into E1_factura(numerofactura, idtienda, idvendedor, fechaventa) 
values ('0000000003','00000001','00000002',TO_DATE('03-09-2020','DD-MM-YYYY'));

insert into E1_factura(numerofactura, idtienda, idvendedor, fechaventa) 
values ('0000000004','00000001','00000004',TO_DATE('03-09-2020','DD-MM-YYYY'));

insert into E1_factura(numerofactura, idtienda, idvendedor, fechaventa) 
values ('0000000005','00000001','00000002',TO_DATE('03-09-2020','DD-MM-YYYY'));

insert into E1_factura(numerofactura, idtienda, idvendedor, fechaventa) 
values ('0000000006','00000002','00000007',TO_DATE('02-09-2020','DD-MM-YYYY'));

insert into E1_factura(numerofactura, idtienda, idvendedor, fechaventa) 
values ('0000000007','00000002','00000007',TO_DATE('02-09-2020','DD-MM-YYYY'));

insert into E1_factura(numerofactura, idtienda, idvendedor, fechaventa) 
values ('0000000008','00000002','00000006',TO_DATE('02-09-2020','DD-MM-YYYY'));

insert into E1_factura(numerofactura, idtienda, idvendedor, fechaventa) 
values ('0000000009','00000002','00000008',TO_DATE('03-09-2020','DD-MM-YYYY'));

insert into E1_factura(numerofactura, idtienda, idvendedor, fechaventa) 
values ('0000000010','00000002','00000010',TO_DATE('04-09-2020','DD-MM-YYYY'));

insert into E1_factura(numerofactura, idtienda, idvendedor, fechaventa) 
values ('0000000011','00000003','00000011',TO_DATE('02-09-2020','DD-MM-YYYY'));

insert into E1_factura(numerofactura, idtienda, idvendedor, fechaventa) 
values ('0000000012','00000003','00000012',TO_DATE('02-09-2020','DD-MM-YYYY'));

insert into E1_factura(numerofactura, idtienda, idvendedor, fechaventa) 
values ('0000000013','00000003','00000013',TO_DATE('02-09-2020','DD-MM-YYYY'));

insert into E1_factura(numerofactura, idtienda, idvendedor, fechaventa) 
values ('0000000014','00000003','00000014',TO_DATE('04-09-2020','DD-MM-YYYY'));

insert into E1_factura(numerofactura, idtienda, idvendedor, fechaventa) 
values ('0000000015','00000003','00000015',TO_DATE('04-09-2020','DD-MM-YYYY'));



insert into E1_ventas(idalbum, numerofactura, cantidad, preciounitario) 
values ('00000001','0000000001',1,17.5);

insert into E1_ventas(idalbum, numerofactura, cantidad, preciounitario) 
values ('00000001','0000000002',1,17.5);

insert into E1_ventas(idalbum, numerofactura, cantidad, preciounitario) 
values ('00000002','0000000002',1,16);

insert into E1_ventas(idalbum, numerofactura, cantidad, preciounitario) 
values ('00000001','0000000003',2,17.5);

insert into E1_ventas(idalbum, numerofactura, cantidad, preciounitario) 
values ('00000004','0000000003',1,16.5);

insert into E1_ventas(idalbum, numerofactura, cantidad, preciounitario) 
values ('00000001','0000000004',1,17.5);

insert into E1_ventas(idalbum, numerofactura, cantidad, preciounitario) 
values ('00000002','0000000005',3,16);

insert into E1_ventas(idalbum, numerofactura, cantidad, preciounitario) 
values ('00000001','0000000006',1,17.5);

insert into E1_ventas(idalbum, numerofactura, cantidad, preciounitario) 
values ('00000001','0000000007',2,17.5);

insert into E1_ventas(idalbum, numerofactura, cantidad, preciounitario) 
values ('00000002','0000000007',1,16);

insert into E1_ventas(idalbum, numerofactura, cantidad, preciounitario) 
values ('00000003','0000000007',1,18);

insert into E1_ventas(idalbum, numerofactura, cantidad, preciounitario) 
values ('00000002','0000000008',1,16);

insert into E1_ventas(idalbum, numerofactura, cantidad, preciounitario)
values ('00000001','0000000009',2,17.5);

insert into E1_ventas(idalbum, numerofactura, cantidad, preciounitario) 
values ('00000003','0000000010',1,18);

insert into E1_ventas(idalbum, numerofactura, cantidad, preciounitario) 
values ('00000003','0000000011',1,18);

insert into E1_ventas(idalbum, numerofactura, cantidad, preciounitario) 
values ('00000004','0000000011',1,16.5);

insert into E1_ventas(idalbum, numerofactura, cantidad, preciounitario) 
values ('00000003','0000000012',1,18);

insert into E1_ventas(idalbum, numerofactura, cantidad, preciounitario) 
values ('00000001','0000000013',2,17.5);

insert into E1_ventas(idalbum, numerofactura, cantidad, preciounitario) 
values ('00000002','0000000014',2,16);

insert into E1_ventas(idalbum, numerofactura, cantidad, preciounitario) 
values ('00000001','0000000015',1,17.5);

insert into E1_ventas(idalbum, numerofactura, cantidad, preciounitario) 
values ('00000004','0000000015',1,16.5);

commit;



