REM INSERTING into GP_EMPRESA_CLIENTE
SET DEFINE OFF;
Insert into GP_EMPRESA_CLIENTE (ID_EMPRESA_CLIENTE,RUC,RAZON_SOCIAL,NOMBRE_COMERCIAL,SIGLAS,TIPO_EMPRESA,ESTADO,USUARIO_CREACION,FECHA_CREACION,USUARIO_ACTUALIZACION,FECHA_ACTUALIZACION) values ('1','20100128218','PETROLEOS DEL PERU PETROPERU SA','Petroperu','PTP','1','1','JLOPEZ',to_date('08/04/19','DD/MM/RR'),null,null);
Insert into GP_EMPRESA_CLIENTE (ID_EMPRESA_CLIENTE,RUC,RAZON_SOCIAL,NOMBRE_COMERCIAL,SIGLAS,TIPO_EMPRESA,ESTADO,USUARIO_CREACION,FECHA_CREACION,USUARIO_ACTUALIZACION,FECHA_ACTUALIZACION) values ('2','20392733222','CREDICORP PERU S.A.C.',null,'CRP','2','1','JLOPEZ',to_date('08/04/19','DD/MM/RR'),null,null);
Insert into GP_EMPRESA_CLIENTE (ID_EMPRESA_CLIENTE,RUC,RAZON_SOCIAL,NOMBRE_COMERCIAL,SIGLAS,TIPO_EMPRESA,ESTADO,USUARIO_CREACION,FECHA_CREACION,USUARIO_ACTUALIZACION,FECHA_ACTUALIZACION) values ('3','20341841357','LATAM AIRLINES PERU S.A.','Latam Airlines Peru','LAT','2','1','JLOPEZ',to_date('08/04/19','DD/MM/RR'),null,null);
Insert into GP_EMPRESA_CLIENTE (ID_EMPRESA_CLIENTE,RUC,RAZON_SOCIAL,NOMBRE_COMERCIAL,SIGLAS,TIPO_EMPRESA,ESTADO,USUARIO_CREACION,FECHA_CREACION,USUARIO_ACTUALIZACION,FECHA_ACTUALIZACION) values ('4','20100047218','BANCO DE CREDITO DEL PERU',null,'BCP','2','1','JLOPEZ',to_date('08/04/19','DD/MM/RR'),null,null);
Insert into GP_EMPRESA_CLIENTE (ID_EMPRESA_CLIENTE,RUC,RAZON_SOCIAL,NOMBRE_COMERCIAL,SIGLAS,TIPO_EMPRESA,ESTADO,USUARIO_CREACION,FECHA_CREACION,USUARIO_ACTUALIZACION,FECHA_ACTUALIZACION) values ('5','20100027705','EMPRESA ELECTRICIDAD DEL PERU - ELECTROPERU S A','Electroperu S.A.','ELP','1','1','JLOPEZ',to_date('08/04/19','DD/MM/RR'),null,null);

SET DEFINE OFF;
Insert into GP_TIPO_PROYECTO (ID_TIPO_PROYECTO,NOMBRE,ESTADO,USUARIO_CREACION,FECHA_CREACION,USUARIO_ACTUALIZACION,FECHA_ACTUALIZACION) values ('1','CONSULTORIA','0','JLOPEZ',to_date('08/04/19','DD/MM/RR'),null,null);
Insert into GP_TIPO_PROYECTO (ID_TIPO_PROYECTO,NOMBRE,ESTADO,USUARIO_CREACION,FECHA_CREACION,USUARIO_ACTUALIZACION,FECHA_ACTUALIZACION) values ('2','DESARROLLO WEB','0','JLOPEZ',to_date('08/04/19','DD/MM/RR'),null,null);
Insert into GP_TIPO_PROYECTO (ID_TIPO_PROYECTO,NOMBRE,ESTADO,USUARIO_CREACION,FECHA_CREACION,USUARIO_ACTUALIZACION,FECHA_ACTUALIZACION) values ('3','DESARROLLO APP','0','AFLORES',to_date('08/04/19','DD/MM/RR'),null,null);

REM INSERTING into GP_PROYECTO
SET DEFINE OFF;
Insert into GP_PROYECTO (ID_PROYECTO,CODIGO_PROYECTO,ID_EMPRESA_CLIENTE,ID_TIPO_PROYECTO,NOMBRE,FECHA_INICIO_ESTIMADA,FECHA_FIN_ESTIMADA,FECHA_INICIO_PROYECTO,FECHA_FIN_PROYECTO,ESTADO,USUARIO_CREACION,FECHA_CREACION,USUARIO_ACTUALIZACION,FECHA_ACTUALIZACION) values ('3','004','2','1','IMPLEMENTACION PROC LOGISTICO',to_date('01/01/19','DD/MM/RR'),to_date('31/03/19','DD/MM/RR'),to_date('01/01/19','DD/MM/RR'),to_date('31/03/19','DD/MM/RR'),'1','JLOPEZ',to_date('09/04/19','DD/MM/RR'),null,null);
Insert into GP_PROYECTO (ID_PROYECTO,CODIGO_PROYECTO,ID_EMPRESA_CLIENTE,ID_TIPO_PROYECTO,NOMBRE,FECHA_INICIO_ESTIMADA,FECHA_FIN_ESTIMADA,FECHA_INICIO_PROYECTO,FECHA_FIN_PROYECTO,ESTADO,USUARIO_CREACION,FECHA_CREACION,USUARIO_ACTUALIZACION,FECHA_ACTUALIZACION) values ('4','005','3','3','APP VENTA',to_date('01/02/19','DD/MM/RR'),to_date('31/07/19','DD/MM/RR'),to_date('01/02/19','DD/MM/RR'),null,'1','JLOPEZ',to_date('09/04/19','DD/MM/RR'),null,null);
Insert into GP_PROYECTO (ID_PROYECTO,CODIGO_PROYECTO,ID_EMPRESA_CLIENTE,ID_TIPO_PROYECTO,NOMBRE,FECHA_INICIO_ESTIMADA,FECHA_FIN_ESTIMADA,FECHA_INICIO_PROYECTO,FECHA_FIN_PROYECTO,ESTADO,USUARIO_CREACION,FECHA_CREACION,USUARIO_ACTUALIZACION,FECHA_ACTUALIZACION) values ('5','006','4','3','APP LOGISTICA',to_date('15/03/19','DD/MM/RR'),to_date('31/12/19','DD/MM/RR'),to_date('01/04/19','DD/MM/RR'),null,'1','JLOPEZ',to_date('10/04/19','DD/MM/RR'),null,null);
Insert into GP_PROYECTO (ID_PROYECTO,CODIGO_PROYECTO,ID_EMPRESA_CLIENTE,ID_TIPO_PROYECTO,NOMBRE,FECHA_INICIO_ESTIMADA,FECHA_FIN_ESTIMADA,FECHA_INICIO_PROYECTO,FECHA_FIN_PROYECTO,ESTADO,USUARIO_CREACION,FECHA_CREACION,USUARIO_ACTUALIZACION,FECHA_ACTUALIZACION) values ('6','007','5','3','APP INVENTARIO',to_date('01/02/19','DD/MM/RR'),to_date('31/03/19','DD/MM/RR'),to_date('01/03/19','DD/MM/RR'),null,'1','JLOPEZ',to_date('09/04/19','DD/MM/RR'),null,null);
Insert into GP_PROYECTO (ID_PROYECTO,CODIGO_PROYECTO,ID_EMPRESA_CLIENTE,ID_TIPO_PROYECTO,NOMBRE,FECHA_INICIO_ESTIMADA,FECHA_FIN_ESTIMADA,FECHA_INICIO_PROYECTO,FECHA_FIN_PROYECTO,ESTADO,USUARIO_CREACION,FECHA_CREACION,USUARIO_ACTUALIZACION,FECHA_ACTUALIZACION) values ('1','001','1','1','IMPLEMENTACION SAP',to_date('01/01/19','DD/MM/RR'),to_date('31/07/19','DD/MM/RR'),to_date('01/01/19','DD/MM/RR'),null,'1','JLOPEZ',to_date('09/04/19','DD/MM/RR'),null,null);
Insert into GP_PROYECTO (ID_PROYECTO,CODIGO_PROYECTO,ID_EMPRESA_CLIENTE,ID_TIPO_PROYECTO,NOMBRE,FECHA_INICIO_ESTIMADA,FECHA_FIN_ESTIMADA,FECHA_INICIO_PROYECTO,FECHA_FIN_PROYECTO,ESTADO,USUARIO_CREACION,FECHA_CREACION,USUARIO_ACTUALIZACION,FECHA_ACTUALIZACION) values ('2','003','1','2','APLICACION WEB REGISTRO PROVEEDORES',to_date('01/03/19','DD/MM/RR'),to_date('31/03/19','DD/MM/RR'),to_date('15/03/19','DD/MM/RR'),to_date('05/04/19','DD/MM/RR'),'1','JLOPEZ',to_date('09/04/19','DD/MM/RR'),null,null); 
SET DEFINE OFF;
Insert into GP_CONCEPTO (ID_CONCEPTO,NOMBRE,ESTADO,USUARIO_CREACION,FECHA_CREACION,USUARIO_ACTUALIZACION,FECHA_ACTUALIZACION) values ('1','MOVILIDAD','1','JLOPEZ',to_date('08/04/19','DD/MM/RR'),null,null);
Insert into GP_CONCEPTO (ID_CONCEPTO,NOMBRE,ESTADO,USUARIO_CREACION,FECHA_CREACION,USUARIO_ACTUALIZACION,FECHA_ACTUALIZACION) values ('2','ALIMENTACION','1','JLOPEZ',to_date('08/04/19','DD/MM/RR'),null,null);

REM INSERTING into GP_UBIGEO
SET DEFINE OFF;
Insert into GP_UBIGEO (ID_UBIGEO,DEPARTAMENTO,PROVINCIA,DISTRITO,ESTADO,USUARIO_CREACION,FECHA_CREACION,USUARIO_ACTUALIZACION,FECHA_ACTUALIZACION) values ('140101','LIMA','LIMA','LIMA','1','JLOPEZ',to_date('08/04/19','DD/MM/RR'),null,null);
Insert into GP_UBIGEO (ID_UBIGEO,DEPARTAMENTO,PROVINCIA,DISTRITO,ESTADO,USUARIO_CREACION,FECHA_CREACION,USUARIO_ACTUALIZACION,FECHA_ACTUALIZACION) values ('140102','LIMA','LIMA','ANCON','1','JLOPEZ',to_date('08/04/19','DD/MM/RR'),null,null);
Insert into GP_UBIGEO (ID_UBIGEO,DEPARTAMENTO,PROVINCIA,DISTRITO,ESTADO,USUARIO_CREACION,FECHA_CREACION,USUARIO_ACTUALIZACION,FECHA_ACTUALIZACION) values ('140103','LIMA','LIMA','ATE','1','AFLORES',to_date('08/04/19','DD/MM/RR'),null,null);
Insert into GP_UBIGEO (ID_UBIGEO,DEPARTAMENTO,PROVINCIA,DISTRITO,ESTADO,USUARIO_CREACION,FECHA_CREACION,USUARIO_ACTUALIZACION,FECHA_ACTUALIZACION) values ('140104','LIMA','LIMA','BREÑA','1','AFLORES',to_date('05/04/19','DD/MM/RR'),null,null);
Insert into GP_UBIGEO (ID_UBIGEO,DEPARTAMENTO,PROVINCIA,DISTRITO,ESTADO,USUARIO_CREACION,FECHA_CREACION,USUARIO_ACTUALIZACION,FECHA_ACTUALIZACION) values ('140105','LIMA','LIMA','CARABAYLLO','1','AFLORES',to_date('05/04/19','DD/MM/RR'),null,null);
Insert into GP_UBIGEO (ID_UBIGEO,DEPARTAMENTO,PROVINCIA,DISTRITO,ESTADO,USUARIO_CREACION,FECHA_CREACION,USUARIO_ACTUALIZACION,FECHA_ACTUALIZACION) values ('140106','LIMA','LIMA','COMAS','1','JLOPEZ',to_date('05/04/19','DD/MM/RR'),null,null);
Insert into GP_UBIGEO (ID_UBIGEO,DEPARTAMENTO,PROVINCIA,DISTRITO,ESTADO,USUARIO_CREACION,FECHA_CREACION,USUARIO_ACTUALIZACION,FECHA_ACTUALIZACION) values ('140107','LIMA','LIMA','CHACLACYO','1','JLOPEZ',to_date('05/04/19','DD/MM/RR'),null,null);
Insert into GP_UBIGEO (ID_UBIGEO,DEPARTAMENTO,PROVINCIA,DISTRITO,ESTADO,USUARIO_CREACION,FECHA_CREACION,USUARIO_ACTUALIZACION,FECHA_ACTUALIZACION) values ('140901','LIMA','BARRANCA','BARRANCA','1','JLOPEZ',to_date('05/04/19','DD/MM/RR'),null,null);
Insert into GP_UBIGEO (ID_UBIGEO,DEPARTAMENTO,PROVINCIA,DISTRITO,ESTADO,USUARIO_CREACION,FECHA_CREACION,USUARIO_ACTUALIZACION,FECHA_ACTUALIZACION) values ('140902','LIMA','BARRANCA','PARAMONGA','1','JLOPEZ',to_date('05/04/19','DD/MM/RR'),null,null);
Insert into GP_UBIGEO (ID_UBIGEO,DEPARTAMENTO,PROVINCIA,DISTRITO,ESTADO,USUARIO_CREACION,FECHA_CREACION,USUARIO_ACTUALIZACION,FECHA_ACTUALIZACION) values ('140903','LIMA','BARRANCA','PATIVILCA','1','JLOPEZ',to_date('05/04/19','DD/MM/RR'),null,null);
Insert into GP_UBIGEO (ID_UBIGEO,DEPARTAMENTO,PROVINCIA,DISTRITO,ESTADO,USUARIO_CREACION,FECHA_CREACION,USUARIO_ACTUALIZACION,FECHA_ACTUALIZACION) values ('140301','LIMA','CANTA','CANTA','1','JLOPEZ',to_date('05/04/19','DD/MM/RR'),null,null);
Insert into GP_UBIGEO (ID_UBIGEO,DEPARTAMENTO,PROVINCIA,DISTRITO,ESTADO,USUARIO_CREACION,FECHA_CREACION,USUARIO_ACTUALIZACION,FECHA_ACTUALIZACION) values ('140302','LIMA','CANTA','ARAHUAY','1','JLOPEZ',to_date('05/04/19','DD/MM/RR'),null,null);
Insert into GP_UBIGEO (ID_UBIGEO,DEPARTAMENTO,PROVINCIA,DISTRITO,ESTADO,USUARIO_CREACION,FECHA_CREACION,USUARIO_ACTUALIZACION,FECHA_ACTUALIZACION) values ('140303','LIMA','CANTA','HUAMATANGA','1','JLOPEZ',to_date('05/04/19','DD/MM/RR'),null,null);

REM INSERTING into GP_RECURSO_HUMANO
SET DEFINE OFF;
Insert into GP_RECURSO_HUMANO (ID_RECURSO_HUMANO,NOMBRES,APELLIDO_PATERNO,APELLIDO_MATERNO,TIPO_DOCUMENTO,FECHA_NACIMIENTO,SEXO_GENERO,ESTADO_CIVIL,ID_UBIGEO,DIRECCION,TELEFONO,CORREO_ELECTRONICO,ESTADO,USUARIO_CREACION,FECHA_CREACION,USUARIO_ACTUALIZACION,FECHA_ACTUALIZACION) values ('1','FERNANDO','TORRES','TORRES','1',to_date('25/12/85','DD/MM/RR'),'1','1','140101',null,'98563256','CORREO','1','JLOPEZ',to_date('08/04/19','DD/MM/RR'),null,null);
Insert into GP_RECURSO_HUMANO (ID_RECURSO_HUMANO,NOMBRES,APELLIDO_PATERNO,APELLIDO_MATERNO,TIPO_DOCUMENTO,FECHA_NACIMIENTO,SEXO_GENERO,ESTADO_CIVIL,ID_UBIGEO,DIRECCION,TELEFONO,CORREO_ELECTRONICO,ESTADO,USUARIO_CREACION,FECHA_CREACION,USUARIO_ACTUALIZACION,FECHA_ACTUALIZACION) values ('2','JEAN','MANYARI','JIMNEZ','1',to_date('12/12/80','DD/MM/RR'),'1','1','140102',null,'99632569','CORREO','1','JLOPEZ',to_date('08/04/19','DD/MM/RR'),null,null);
Insert into GP_RECURSO_HUMANO (ID_RECURSO_HUMANO,NOMBRES,APELLIDO_PATERNO,APELLIDO_MATERNO,TIPO_DOCUMENTO,FECHA_NACIMIENTO,SEXO_GENERO,ESTADO_CIVIL,ID_UBIGEO,DIRECCION,TELEFONO,CORREO_ELECTRONICO,ESTADO,USUARIO_CREACION,FECHA_CREACION,USUARIO_ACTUALIZACION,FECHA_ACTUALIZACION) values ('3','MONICA','ALVAREZ','RIVERA','1',to_date('28/02/91','DD/MM/RR'),'2','1','140103',null,'99887745','CORREO','1','JLOPEZ',to_date('08/04/19','DD/MM/RR'),null,null);
Insert into GP_RECURSO_HUMANO (ID_RECURSO_HUMANO,NOMBRES,APELLIDO_PATERNO,APELLIDO_MATERNO,TIPO_DOCUMENTO,FECHA_NACIMIENTO,SEXO_GENERO,ESTADO_CIVIL,ID_UBIGEO,DIRECCION,TELEFONO,CORREO_ELECTRONICO,ESTADO,USUARIO_CREACION,FECHA_CREACION,USUARIO_ACTUALIZACION,FECHA_ACTUALIZACION) values ('4','RICARDO','JUAREZ','ZAMUDIO','2',to_date('12/12/88','DD/MM/RR'),'1','1','140901',null,'96320000','CORREO','1','JLOPEZ',to_date('09/04/19','DD/MM/RR'),null,null);
Insert into GP_RECURSO_HUMANO (ID_RECURSO_HUMANO,NOMBRES,APELLIDO_PATERNO,APELLIDO_MATERNO,TIPO_DOCUMENTO,FECHA_NACIMIENTO,SEXO_GENERO,ESTADO_CIVIL,ID_UBIGEO,DIRECCION,TELEFONO,CORREO_ELECTRONICO,ESTADO,USUARIO_CREACION,FECHA_CREACION,USUARIO_ACTUALIZACION,FECHA_ACTUALIZACION) values ('5','ANA','CHAVEZ','AQUINO','2',to_date('03/11/92','DD/MM/RR'),'2','1','140902',null,'99922563','CORREO','1','JLOPEZ',to_date('09/04/19','DD/MM/RR'),null,null);
Insert into GP_RECURSO_HUMANO (ID_RECURSO_HUMANO,NOMBRES,APELLIDO_PATERNO,APELLIDO_MATERNO,TIPO_DOCUMENTO,FECHA_NACIMIENTO,SEXO_GENERO,ESTADO_CIVIL,ID_UBIGEO,DIRECCION,TELEFONO,CORREO_ELECTRONICO,ESTADO,USUARIO_CREACION,FECHA_CREACION,USUARIO_ACTUALIZACION,FECHA_ACTUALIZACION) values ('6','MAYRA','CALDERON','PACZE','1',to_date('04/09/90','DD/MM/RR'),'2','1','140105',null,'99990000','CORREO','1','JLOPEZ',to_date('09/04/19','DD/MM/RR'),null,null);
Insert into GP_RECURSO_HUMANO (ID_RECURSO_HUMANO,NOMBRES,APELLIDO_PATERNO,APELLIDO_MATERNO,TIPO_DOCUMENTO,FECHA_NACIMIENTO,SEXO_GENERO,ESTADO_CIVIL,ID_UBIGEO,DIRECCION,TELEFONO,CORREO_ELECTRONICO,ESTADO,USUARIO_CREACION,FECHA_CREACION,USUARIO_ACTUALIZACION,FECHA_ACTUALIZACION) values ('7','CLAUDIA','NUNUFAR','TORRES','1',to_date('11/08/93','DD/MM/RR'),'2','1','140101',null,'91919191','CORREO','1','JLOPEZ',to_date('09/04/19','DD/MM/RR'),null,null);
Insert into GP_RECURSO_HUMANO (ID_RECURSO_HUMANO,NOMBRES,APELLIDO_PATERNO,APELLIDO_MATERNO,TIPO_DOCUMENTO,FECHA_NACIMIENTO,SEXO_GENERO,ESTADO_CIVIL,ID_UBIGEO,DIRECCION,TELEFONO,CORREO_ELECTRONICO,ESTADO,USUARIO_CREACION,FECHA_CREACION,USUARIO_ACTUALIZACION,FECHA_ACTUALIZACION) values ('8','LUIS','POLANCO','GRADOS','1',to_date('15/12/91','DD/MM/RR'),'1','1','140901',null,'99633202','CORREO','1','JLOPEZ',to_date('09/04/19','DD/MM/RR'),null,null);
REM INSERTING into GP_TARIFARIO
SET DEFINE OFF;
REM INSERTING into GP_TARIFARIO_DETALLE

SET DEFINE OFF;
REM INSERTING into GP_TIPO_CONTACTO
SET DEFINE OFF;
Insert into GP_TIPO_CONTACTO (ID_TIPO_CONTACTO,NOMBRE,ESTADO,USUARIO_CREACION,FECHA_CREACION,USUARIO_ACTUALIZACION,FECHA_ACTUALIZACION) values ('1','ALTO','1','JLOPEZ',to_date('08/04/19','DD/MM/RR'),null,null);
Insert into GP_TIPO_CONTACTO (ID_TIPO_CONTACTO,NOMBRE,ESTADO,USUARIO_CREACION,FECHA_CREACION,USUARIO_ACTUALIZACION,FECHA_ACTUALIZACION) values ('2','MEDIO','1','JLOPEZ',to_date('08/04/19','DD/MM/RR'),null,null);
REM INSERTING into GP_TIPO_DIRECCION
SET DEFINE OFF;
Insert into GP_TIPO_DIRECCION (ID_TIPO_DIRECCION,NOMBRE,ESTADO,USUARIO_CREACION,FECHA_CREACION,USUARIO_ACTUALIZACION,FECHA_ACTUALIZACION) values ('1','FISCAL','1','JLOPEZ',to_date('08/04/19','DD/MM/RR'),null,null);
Insert into GP_TIPO_DIRECCION (ID_TIPO_DIRECCION,NOMBRE,ESTADO,USUARIO_CREACION,FECHA_CREACION,USUARIO_ACTUALIZACION,FECHA_ACTUALIZACION) values ('2','PAGO','1','AFLORES',to_date('06/04/19','DD/MM/RR'),null,null);
Insert into GP_TIPO_DIRECCION (ID_TIPO_DIRECCION,NOMBRE,ESTADO,USUARIO_CREACION,FECHA_CREACION,USUARIO_ACTUALIZACION,FECHA_ACTUALIZACION) values ('3','DESPACHO','1','JLOPEZ',to_date('08/04/19','DD/MM/RR'),null,null);
REM INSERTING into GP_TIPO_PROYECTO

REM INSERTING into GP_TIPO_RECURSO
SET DEFINE OFF;
Insert into GP_TIPO_RECURSO (ID_TIPO_RECURSO,NOMBRE,ESTADO,USUARIO_CREACION,FECHA_CREACION,USUARIO_ACTUALIZACION,FECHA_ACTUALIZACION) values ('1','JEFE PROYECTO','1','JLOPEZ',to_date('08/04/19','DD/MM/RR'),null,null);
Insert into GP_TIPO_RECURSO (ID_TIPO_RECURSO,NOMBRE,ESTADO,USUARIO_CREACION,FECHA_CREACION,USUARIO_ACTUALIZACION,FECHA_ACTUALIZACION) values ('2','ANALISTA','1','JLOPEZ',to_date('08/04/19','DD/MM/RR'),null,null);
Insert into GP_TIPO_RECURSO (ID_TIPO_RECURSO,NOMBRE,ESTADO,USUARIO_CREACION,FECHA_CREACION,USUARIO_ACTUALIZACION,FECHA_ACTUALIZACION) values ('3','DEVELOPER','1','AROBLES',to_date('08/04/19','DD/MM/RR'),null,null);

REM INSERTING into GP_CONTACTO_CLIENTE
SET DEFINE OFF;
REM INSERTING into GP_COTIZACION
SET DEFINE OFF;
Insert into GP_COTIZACION (ID_COTIZACION,ID_PROYECTO,DURACION_ESTIMADA,UNIDAD_ESTIMADA,USADA_EN_PROYECTO,COSTO_VENTA,COSTO_OPERATIVO,COSTO_TOTAL,ESTADO,USUARIO_CREACION,FEECHA_CREACION,USUARIO_ACTUALIZACION,FECHA_ACTUALIZACION) values ('1','1','100','1','1','1000','1500','2500','1','JLOPEZ',to_date('09/04/19','DD/MM/RR'),null,null);
Insert into GP_COTIZACION (ID_COTIZACION,ID_PROYECTO,DURACION_ESTIMADA,UNIDAD_ESTIMADA,USADA_EN_PROYECTO,COSTO_VENTA,COSTO_OPERATIVO,COSTO_TOTAL,ESTADO,USUARIO_CREACION,FEECHA_CREACION,USUARIO_ACTUALIZACION,FECHA_ACTUALIZACION) values ('2','2','150','1','1','2200','1200','3400','1','JLOPEZ',to_date('09/04/19','DD/MM/RR'),null,null);
Insert into GP_COTIZACION (ID_COTIZACION,ID_PROYECTO,DURACION_ESTIMADA,UNIDAD_ESTIMADA,USADA_EN_PROYECTO,COSTO_VENTA,COSTO_OPERATIVO,COSTO_TOTAL,ESTADO,USUARIO_CREACION,FEECHA_CREACION,USUARIO_ACTUALIZACION,FECHA_ACTUALIZACION) values ('3','3','12','2','1','1800','1000','2800','1','JLOPEZ',to_date('09/04/19','DD/MM/RR'),null,null);
Insert into GP_COTIZACION (ID_COTIZACION,ID_PROYECTO,DURACION_ESTIMADA,UNIDAD_ESTIMADA,USADA_EN_PROYECTO,COSTO_VENTA,COSTO_OPERATIVO,COSTO_TOTAL,ESTADO,USUARIO_CREACION,FEECHA_CREACION,USUARIO_ACTUALIZACION,FECHA_ACTUALIZACION) values ('4','4','3','3','1','1500','1000','2500','1','JLOPEZ',to_date('09/04/19','DD/MM/RR'),null,null);
Insert into GP_COTIZACION (ID_COTIZACION,ID_PROYECTO,DURACION_ESTIMADA,UNIDAD_ESTIMADA,USADA_EN_PROYECTO,COSTO_VENTA,COSTO_OPERATIVO,COSTO_TOTAL,ESTADO,USUARIO_CREACION,FEECHA_CREACION,USUARIO_ACTUALIZACION,FECHA_ACTUALIZACION) values ('5','3','15','2','1','2000','1500','3500','1','JLOPEZ',to_date('09/04/19','DD/MM/RR'),null,null);
Insert into GP_COTIZACION (ID_COTIZACION,ID_PROYECTO,DURACION_ESTIMADA,UNIDAD_ESTIMADA,USADA_EN_PROYECTO,COSTO_VENTA,COSTO_OPERATIVO,COSTO_TOTAL,ESTADO,USUARIO_CREACION,FEECHA_CREACION,USUARIO_ACTUALIZACION,FECHA_ACTUALIZACION) values ('6','3','14','2','1','2000','1200','3200','1','JLOPEZ',to_date('09/04/19','DD/MM/RR'),null,null);
REM INSERTING into GP_COTIZACION_GASTO
SET DEFINE OFF;
REM INSERTING into GP_COTIZACION_RECURSO
SET DEFINE OFF;
Insert into GP_COTIZACION_RECURSO (ID_COTIZACION_RECURSO,ID_COTIZACION,ID_RECURSO_HUMANO,ID_TIPO_RECURSO,COSTO_VENTA,SUELDO_MENSUAL,COSTO_OPERATIVO,ESTADO,USUARIO_CREACION,FECHA_CREACION,USUARIO_ACTUALIZACION,FECHA_ACTUALIZACION) values ('1','1','1','1','10000','8000','1500','1','JLOPEZ',to_date('11/04/19','DD/MM/RR'),null,null);
Insert into GP_COTIZACION_RECURSO (ID_COTIZACION_RECURSO,ID_COTIZACION,ID_RECURSO_HUMANO,ID_TIPO_RECURSO,COSTO_VENTA,SUELDO_MENSUAL,COSTO_OPERATIVO,ESTADO,USUARIO_CREACION,FECHA_CREACION,USUARIO_ACTUALIZACION,FECHA_ACTUALIZACION) values ('2','1','2','2','5000','4000','1000','1','JLOPEZ',to_date('11/04/19','DD/MM/RR'),null,null);
Insert into GP_COTIZACION_RECURSO (ID_COTIZACION_RECURSO,ID_COTIZACION,ID_RECURSO_HUMANO,ID_TIPO_RECURSO,COSTO_VENTA,SUELDO_MENSUAL,COSTO_OPERATIVO,ESTADO,USUARIO_CREACION,FECHA_CREACION,USUARIO_ACTUALIZACION,FECHA_ACTUALIZACION) values ('3','1','3','3','4000','2500','500','1','JLOPEZ',to_date('11/04/19','DD/MM/RR'),null,null);
Insert into GP_COTIZACION_RECURSO (ID_COTIZACION_RECURSO,ID_COTIZACION,ID_RECURSO_HUMANO,ID_TIPO_RECURSO,COSTO_VENTA,SUELDO_MENSUAL,COSTO_OPERATIVO,ESTADO,USUARIO_CREACION,FECHA_CREACION,USUARIO_ACTUALIZACION,FECHA_ACTUALIZACION) values ('4','1','4','3','3800','2000','500','1','JLOPEZ',to_date('11/04/19','DD/MM/RR'),null,null);
Insert into GP_COTIZACION_RECURSO (ID_COTIZACION_RECURSO,ID_COTIZACION,ID_RECURSO_HUMANO,ID_TIPO_RECURSO,COSTO_VENTA,SUELDO_MENSUAL,COSTO_OPERATIVO,ESTADO,USUARIO_CREACION,FECHA_CREACION,USUARIO_ACTUALIZACION,FECHA_ACTUALIZACION) values ('5','1','5','3','3800','2000','500','1','JLOPEZ',to_date('11/04/19','DD/MM/RR'),null,null);
Insert into GP_COTIZACION_RECURSO (ID_COTIZACION_RECURSO,ID_COTIZACION,ID_RECURSO_HUMANO,ID_TIPO_RECURSO,COSTO_VENTA,SUELDO_MENSUAL,COSTO_OPERATIVO,ESTADO,USUARIO_CREACION,FECHA_CREACION,USUARIO_ACTUALIZACION,FECHA_ACTUALIZACION) values ('6','2','6','1','11500','8000','1500','1','JLOPEZ',to_date('11/04/19','DD/MM/RR'),null,null);
Insert into GP_COTIZACION_RECURSO (ID_COTIZACION_RECURSO,ID_COTIZACION,ID_RECURSO_HUMANO,ID_TIPO_RECURSO,COSTO_VENTA,SUELDO_MENSUAL,COSTO_OPERATIVO,ESTADO,USUARIO_CREACION,FECHA_CREACION,USUARIO_ACTUALIZACION,FECHA_ACTUALIZACION) values ('7','2','2','2','5000','4000','1000','1','JLOPEZ',to_date('11/04/19','DD/MM/RR'),null,null);
Insert into GP_COTIZACION_RECURSO (ID_COTIZACION_RECURSO,ID_COTIZACION,ID_RECURSO_HUMANO,ID_TIPO_RECURSO,COSTO_VENTA,SUELDO_MENSUAL,COSTO_OPERATIVO,ESTADO,USUARIO_CREACION,FECHA_CREACION,USUARIO_ACTUALIZACION,FECHA_ACTUALIZACION) values ('8','2','7','3','3800','2000','500','1','JLOPEZ',to_date('11/04/19','DD/MM/RR'),null,null);
Insert into GP_COTIZACION_RECURSO (ID_COTIZACION_RECURSO,ID_COTIZACION,ID_RECURSO_HUMANO,ID_TIPO_RECURSO,COSTO_VENTA,SUELDO_MENSUAL,COSTO_OPERATIVO,ESTADO,USUARIO_CREACION,FECHA_CREACION,USUARIO_ACTUALIZACION,FECHA_ACTUALIZACION) values ('9','2','8','3','3800','2000','500','1','JLOPEZ',to_date('11/04/19','DD/MM/RR'),null,null);
Insert into GP_COTIZACION_RECURSO (ID_COTIZACION_RECURSO,ID_COTIZACION,ID_RECURSO_HUMANO,ID_TIPO_RECURSO,COSTO_VENTA,SUELDO_MENSUAL,COSTO_OPERATIVO,ESTADO,USUARIO_CREACION,FECHA_CREACION,USUARIO_ACTUALIZACION,FECHA_ACTUALIZACION) values ('10','3','1','1','10000','8000','1500','1','JLOPEZ',to_date('11/04/19','DD/MM/RR'),null,null);
Insert into GP_COTIZACION_RECURSO (ID_COTIZACION_RECURSO,ID_COTIZACION,ID_RECURSO_HUMANO,ID_TIPO_RECURSO,COSTO_VENTA,SUELDO_MENSUAL,COSTO_OPERATIVO,ESTADO,USUARIO_CREACION,FECHA_CREACION,USUARIO_ACTUALIZACION,FECHA_ACTUALIZACION) values ('11','3','2','2','5000','4000','1000','1','JLOPEZ',to_date('11/04/19','DD/MM/RR'),null,null);
REM INSERTING into GP_COTIZACION_ROL
SET DEFINE OFF;
REM INSERTING into GP_DIRECCION_CLIENTE
SET DEFINE OFF;
Insert into GP_DIRECCION_CLIENTE (ID_DIRECCION_CLIENTE,ID_EMPRESA_CLIENTE,DIRECCION,ID_UBIGEO,REFERENCIA,LATITUD,LONGITUD,ID_TIPO_DIRECCION,ESTADO,USUARIO_CREACION,FECHA_CREACION,USUARIO_ACTUALIZACION,FECHA_ACTUALIZACION) values ('1','1','Av. Lima 123','140101',null,null,null,'1','1','JLOPEZ',to_date('09/04/19','DD/MM/RR'),null,null);
Insert into GP_DIRECCION_CLIENTE (ID_DIRECCION_CLIENTE,ID_EMPRESA_CLIENTE,DIRECCION,ID_UBIGEO,REFERENCIA,LATITUD,LONGITUD,ID_TIPO_DIRECCION,ESTADO,USUARIO_CREACION,FECHA_CREACION,USUARIO_ACTUALIZACION,FECHA_ACTUALIZACION) values ('2','1','Av. Principal 444','140102',null,null,null,'2','1','JLOPEZ',to_date('09/04/19','DD/MM/RR'),null,null);
Insert into GP_DIRECCION_CLIENTE (ID_DIRECCION_CLIENTE,ID_EMPRESA_CLIENTE,DIRECCION,ID_UBIGEO,REFERENCIA,LATITUD,LONGITUD,ID_TIPO_DIRECCION,ESTADO,USUARIO_CREACION,FECHA_CREACION,USUARIO_ACTUALIZACION,FECHA_ACTUALIZACION) values ('3','2','Av. Uno 909','140103',null,null,null,'1','1','JLOPEZ',to_date('09/04/19','DD/MM/RR'),null,null);
Insert into GP_DIRECCION_CLIENTE (ID_DIRECCION_CLIENTE,ID_EMPRESA_CLIENTE,DIRECCION,ID_UBIGEO,REFERENCIA,LATITUD,LONGITUD,ID_TIPO_DIRECCION,ESTADO,USUARIO_CREACION,FECHA_CREACION,USUARIO_ACTUALIZACION,FECHA_ACTUALIZACION) values ('4','3','Av. Redondo 111','140104',null,null,null,'1','1','JLOPEZ',to_date('09/04/19','DD/MM/RR'),null,null);
Insert into GP_DIRECCION_CLIENTE (ID_DIRECCION_CLIENTE,ID_EMPRESA_CLIENTE,DIRECCION,ID_UBIGEO,REFERENCIA,LATITUD,LONGITUD,ID_TIPO_DIRECCION,ESTADO,USUARIO_CREACION,FECHA_CREACION,USUARIO_ACTUALIZACION,FECHA_ACTUALIZACION) values ('5','4','Av. Nueva 456','140105',null,null,null,'1','1','JLOPEZ',to_date('09/04/19','DD/MM/RR'),null,null);
Insert into GP_DIRECCION_CLIENTE (ID_DIRECCION_CLIENTE,ID_EMPRESA_CLIENTE,DIRECCION,ID_UBIGEO,REFERENCIA,LATITUD,LONGITUD,ID_TIPO_DIRECCION,ESTADO,USUARIO_CREACION,FECHA_CREACION,USUARIO_ACTUALIZACION,FECHA_ACTUALIZACION) values ('6','5','Av. Flores 222','140901',null,null,null,'1','1','JLOPEZ',to_date('09/04/19','DD/MM/RR'),null,null);
Insert into GP_DIRECCION_CLIENTE (ID_DIRECCION_CLIENTE,ID_EMPRESA_CLIENTE,DIRECCION,ID_UBIGEO,REFERENCIA,LATITUD,LONGITUD,ID_TIPO_DIRECCION,ESTADO,USUARIO_CREACION,FECHA_CREACION,USUARIO_ACTUALIZACION,FECHA_ACTUALIZACION) values ('7','3','Av. Nuvo 122','140301',null,null,null,'2','1','JLOPEZ',to_date('09/04/19','DD/MM/RR'),null,null);


